Bad Lead,Company Name,Website,Career Link,Location,Driving Distance,Jace Notes,,
FALSE,6IXTH CITY MARKETING,https://www.sixthcitymarketing.com/,https://www.sixthcitymarketing.com/careers/,"35 E Gay St, #324, Columbus, OH",,,,
TRUE,Smith Commerce,https://smithcommerce.com/,https://smithcommerce.com/about/careers/,"555 Edgar Waldo Way Suite 401, Columbus, OH 43215",,,,
FALSE,Kow Abundant,https://kowabundant.com/,https://kowabundant.com/columbus-marketing-jobs/,"1071 Fishinger Road STE 109, Columbus, Ohio 43221",,,,
FALSE,Third Street Digital,https://thirdstreetdigital.com/,https://thirdstreetdigital.com/good-jobs/,"15 W Cherry St #401, Columbus, OH 43215",,,,
FALSE,Fuego Leads,https://fuegoleads.io/,https://fuegoleads.io/careers-page/,"243 N 5th St, Columbus, OH 43215",,,,
FALSE,Mindstream Interactive,https://www.fahlgrenmortine.com/,https://www.fahlgrenmortine.com/careers,"4030 Easton Station Suite 300, Columbus, OH 43219",,,,
FALSE,Postali LLC,https://www.postali.com/,https://www.postali.com/careers/,"274 Marconi Blvd, Ste 220, Columbus, OH 43215",,,,
FALSE,Post House Creative,https://posthouse.tv/,https://posthouse.tv/careers/,"52 E Lynn St, Columbus, OH 43215",,,,
FALSE,Rebel Marketing,https://myrebelmarketing.com/,https://myrebelmarketing.com/careers,Columbus,,,,
FALSE,ZoCo Design,https://zocodesign.com/,https://zocodesign.com/careers,"1027 W. 5th Ave, Columbus, OH 43212",,,,
FALSE,Emily Journey & Associates,https://emilyjourney.com/,https://emilyjourney.com/careers/,"1733 W Lane Ave Suite 20, Columbus, OH 43221",,,,
FALSE,Prestige Pro Media,https://prestigepromedia.com/,https://prestigepromedia.com/careers.html,"5 E Long St #601, Columbus, OH 43215",,,,
FALSE,Electric Eye,https://electriceye.io/,https://electriceye.io/pages/careers,"PO Box #2921 Columbus, OH 43216",,,,
FALSE,mywebWOW!,https://www.mywebwow.com/,https://www.mywebwow.com/careers/,"1156 Dublin Road STE 104, Columbus OH 43215",,,,
FALSE,SkySprout,https://skysprout.com/,https://skysprout.com/careers/,"2605 Northland Plaza Dr. Columbus, ohio 43231",,,,
FALSE,Upward Brand Interactions,https://www.goupward.com/,https://www.goupward.com/about/career.html,"772 N High St Suite 201, Columbus, OH 43215",,,,
FALSE,Blue Laser Digital,https://www.bluelaserdigital.com/,https://www.bluelaserdigital.com/about/#careers,"170 North Sunbury Road, Westerville, OH 43081",19 min,,,
FALSE,Werth,https://werthpr.com/,https://werthpr.com/careers/,"10 North High Street Suite 300, Columbus, OH 43215",,,,
FALSE,Hanson Inc.,https://www.hansoninc.com/,https://www.hansoninc.com/careers/,"629 N High St 4th floor, Columbus, OH 43215",,,,
FALSE,Northpeak,https://northpeak.io/,https://northpeak.io/careers/,"800 N High St, Columbus, OH 43215",,,,
FALSE,DOmedia LLC,https://www.domedia.com/,https://www.domedia.com/careers,"433 W State St suite 235, Columbus, OH 43215",,,,
FALSE,WillowTree,https://www.willowtreeapps.com/,https://www.willowtreeapps.com/careers/jobs,"274 Marconi Blvd #300, Columbus, OH 43215",,,,
FALSE,"Willan Technologies, LLC",https://willantech.com/,https://willantech.com/job-profiles,"6555 Busch Blvd, Suite 103, Columbus, OH 43229",,,,
FALSE,"Software Verde, LLC",https://www.softwareverde.com/,https://www.softwareverde.com/contact.html,"1822 Henderson Rd Columbus, OH 43220",,,,
FALSE,"Arnet Technologies, Inc.",https://arnettechnologies.com/,https://arnettechnologies.com/about-us/careers/,"445 Hutchinson Ave, Suite 575, Columbus, Ohio 43235",,,,
FALSE,"IntelliX Software, Inc",https://intellixsoftware.com/,https://intellixsoftware.com/careers,"134 Northwoods Blvd, Suite B-2 Columbus OH 43235",,,,
TRUE,Synapse Tech Services,https://www.synapsetechservice.com/,https://www.synapsetechservice.com/careers/,"4449 Easton Way #200, Columbus, OH 43219",,,,
FALSE,"Switchbox, Inc.",https://www.switchboxinc.com/,https://www.switchboxinc.com/careers/,"4500 Mobile Dr, Columbus, OH 43220",,,,
FALSE,GroupEleven Consulting,https://www.groupeleven.com/,https://www.groupeleven.com/careers,"480 Olde Worthington Road Suite 370, Westerville, OH 43082",19 min,,,
FALSE,maven,https://www.choosemaven.net/,https://www.choosemaven.net/careers/,"904 E. Broad St, Columbus, OH 43235",,,,
TRUE,"Columbus Technology Solutions, Inc.",https://columbustechsolutions.com/,https://columbustechsolutions.com/career.php,"545 Metro Place South, Suite 100 Dublin OH 43017",19 min,,,
FALSE,SkyNet,https://skynetmts.com/,https://skynetmts.com/careers/,"400 W. Wilson Bridge Rd. Worthington, OH 43085",16 min,,,
FALSE,United Software Group Inc,https://www.usgrpinc.com/,https://www.usgrpinc.com/career.php,"6000 Venture Dr,, Dublin, OH -43017",19 min,,,
FALSE,CapTech,https://www.captechconsulting.com/,https://www.captechconsulting.com/careers/current-openings,"175 S 3rd St #820, Columbus, OH 43215",,,,
TRUE,Navigator Management Partners,https://avaap.com/,https://avaap.com/careers/careers-detail/#open-positions,"1400 Goodale Blvd., Suite 100, Columbus, OH 43212",,,,
FALSE,OSA Technology Partners,https://osa.io/,https://osa.io/careers/,"11 E. Gay Street, Suite 200 Columbus, OH 43215",,,,
FALSE,Cluster Software Inc,http://www.clustersoft.com/,http://www.clustersoft.com/openings.html,"2674 Billingsley Rd, Columbus, OH 43235",,,,
FALSE,Futurety,https://futurety.com/,https://futurety.com/our-team/careers/,"3260 W. Henderson Rd. Suite 100, Columbus, OH 43220",,,,
FALSE,Perpetual Progress,https://www.perpetualprogress.com/,https://www.perpetualprogress.com/careers/,"5165 Emerald Parkway, Suite 110 Dublin, OH 43017",19 min,,,
TRUE,Bread Financial,https://www.breadfinancial.com/,https://careers.breadfinancial.com/us/en?_gl=1*v3cpvl*_gcl_au*MTQ1Njk1NDI4OS4xNzQxNDgyNzc5,"3095 Loyalty Circle, Columbus, OH, United States, Ohio",,,,
TRUE,Schneider Downs & Co.,https://schneiderdowns.com/,https://schneiderdowns.com/careers/,"65 East State Street, Suite 2000 Columbus, OH 43215",,,,
TRUE,Fairway Independent Mortgage,https://www.fairway.com/,https://www.fairway.com/careers,"579 Executive Campus Drive, Suite 310 Wester ille, OH 43082",19 min,,,
TRUE,Baird,https://www.rwbaird.com/,https://bairdcareers.com/career-search/,"800 Yard Street, Suite 225, Grandview Heights, OH 43212",,,,
TRUE,Lifetime Financial Growth,https://www.lifetimefinancialgrowth.com/,https://www.lifetimefinancialgrowth.com/p/careers,"8425 Pulsar Place, Suite 450 Columbus, OH 43240",,,,
TRUE,Matic,https://matic.com/,https://matic.com/careers/#open-positions,"585 S Front St #300, Columbus, OH 43215",,,,
TRUE,Isner Insurance Associates,https://www.isnerinsurance.com/,https://www.isnerinsurance.com/careers/,"3695 N High St Columbus, OH 43214",,,,
TRUE,Branch Insurance,https://www.ourbranch.com/,https://www.ourbranch.com/s/careers,"20 E Broad St Ste. 1200, Columbus, OH 43215",,,,
FALSE,Reveleer,https://www.reveleer.com/,https://reveleer.breezy.hr/,"6525 W. Campus Oval, Suite 110 New Albany, OH 43054",21 min,,,
TRUE,Cardinal Health,https://www.cardinalhealth.com/,https://www.cardinalhealth.com/en/careers.html,"7000 Cardinal Place Dublin, OH 43017",,,,
FALSE,MAXtech Agency,https://maxtechagency.com/,https://maxtechagency.com/careers/,"8740 Orion Place #150, Columbus, OH 43240",,,,
FALSE,Goodwin,https://www.hellogoodwin.com/,https://www.hellogoodwin.com/careers,"4130 E 5th Ave Ste 9 Columbus, OH 43219",,,,
FALSE,"Guild Associates, Inc",https://www.guildassociates.com/,https://www.guildassociates.com/careers/,"5750 Shier Rings Road, Dublin, Ohio 43016",19 min,,,
FALSE,Doyle HCM,https://doylehcm.com/,https://doylehcm.com/careers/,"735 Taylor Road, Suite 100 Gahanna, OH 43230",12 min,,,
TRUE,"Nationwide Energy Partners, LLC.",https://www.nationwideenergypartners.com/,https://nationwideenergypartnersllc.applytojob.com/apply,"230 West Street, #250 Columbus, OH 43215",,,,
FALSE,"Path Robotics, Inc",https://www.path-robotics.com/,https://www.path-robotics.com/who-we-are/careers/,"3950 Business Park Drive Columbus, OH 43204",,,,
FALSE,SmartFinancial Insurance,https://smartfinancial.com/,https://smartfinancial.com/careers,Open for remote jobs,,,,
FALSE,Immuta,https://www.immuta.com/,https://www.immuta.com/careers/#open-positions,"886 N. High Street, 3rd Floor Columbus, OH 43215",,,,
FALSE,Bold Penguin,https://www.boldpenguin.com/,https://www.boldpenguin.com/open-roles,"6555 Longshore Street Suite 200 Dublin, OH 43017",19 min,,,
TRUE,Illuminate USA,https://illuminateusa.com/,https://illuminateusa.com/careers/,"3600 Etna Parkway Pataskala, Ohio 43062",26 min,,,
TRUE,Root,https://www.joinroot.com/,https://inc.joinroot.com/careers/,"80 E. Rich Street Suite 500 Columbus, OH 43215",,can't find a way to contact other than applying for a role I don't qualify for,,
TRUE,Forge Biologics,https://www.forgebiologics.com/#,https://www.forgebiologics.com/careers/,"3900 Gantz Rd, Grove City, OH 43123",15 min,,,
FALSE,Orange Barrel Media,https://obm.com/,https://obm.com/careers/,"250 North Hartford Ave. Columbus, OH 43222",,,,
FALSE,ERPA,https://www.erpa.com/,https://www.erpa.com/about/careers/,"425 Metro Place N Suite 510 Dublin, OH 43017",19 min,,,
FALSE,Coeo,https://www.coeo.com/,https://www.coeo.com/current-vacancies/,"Berkshire, Ohio ",24 min,,,
FALSE,Foxen,https://www.foxen.com/,https://www.foxen.com/careers,"333 W. Nationwide Blvd Columbus, OH 43215",,,,
FALSE,FMX,https://www.gofmx.com/,https://www.gofmx.com/careers/,"800 Yard Street Columbus, Ohio 43212",,,,
FALSE,CoverMyMeds,https://www.covermymeds.health/,https://experience.covermymeds.com/open-positions,"910 John Street, Columbus, Ohio 43222",,,,
TRUE,Encova Insurance,https://www.encova.com/,https://www.encova.com/careers/,"471 E. Broad St. Columbus, OH 43215",,can't find a way to contact other than applying for a role I don't qualify for,,
TRUE,Jifiti,https://www.jifiti.com/,https://www.jifiti.com/jobs/,"1985 W. Henderson Rd. Columbus, OH 43220",,,,
FALSE,Geben Communication,https://www.gebencommunication.com/,https://www.gebencommunication.com/careers,"143 E Main St #200 Columbus, OH 43215",,,,
FALSE,HoloPundits,https://www.holopundits.com/,https://www.holopundits.com/careers.html,"475 Metro Place South, Suite 120, Dublin, OH 43017",19 min,,,
FALSE,Trimah Technologies,https://trimahtech.com/,https://trimahtech.com/career,"3934 N Hampton Dr Powell, OH 43065",22 min,,,
FALSE,SMACT Works,https://www.smactworks.com/,https://www.smactworks.com/company/careers.html,"475 Metro PI S, Suite 120 Dublin, OH 43017",19 min,,,
FALSE,Deemsys Inc,https://www.deemsysinc.com/,https://www.deemsysinc.com/career,"800 Cross Pointe Road, Suite A,Gahanna, OH 43230",12 min,,,
FALSE,SVATS,https://www.svatsinc.com/,https://www.svatsinc.com/career.php,"589 Carle Ave, Lewis Center, OH 43035",25 min ,,,
FALSE,SrinSoft Technologies,https://www.srinsofttech.com/,https://www.srinsofttech.com/career.html,"7243 Sawmill Rd #205, Dublin, OH 43016",19 min,,,
FALSE,Crystxl,https://crystxl.com/,https://crystxl.com/career,"Dublin, OH 43016,USA",19 min,,,
FALSE,Heitmeyer Consulting,https://www.heitmeyerconsulting.com/,https://www.heitmeyerconsulting.com/job-search/,"501 West Schrock Road Suite 410 Westerville, Ohio 43081",19 min,,,
FALSE,Ocean Blue Solutions,https://www.oceanbluecorp.com/,https://www.oceanbluecorp.com/jobs,"9775 Fairway Drive Suite #C Powell,OH - 43065",22 min,,,
TRUE,Miles IT,https://www.milesit.com/,https://www.milesit.com/careers/#openings,"6977 Norton Crossing St, New Albany, OH 43054",22 min,,,
FALSE,Acumatica,https://www.acumatica.com/,https://www.acumatica.com/careers/,"470 Olde Worthington Rd #460, Westerville, OH 43082",19 min,,,
FALSE,Sequentur,https://www.sequentur.com/,https://www.sequentur.com/careers/,"21 E State St #200, Columbus, OH 43215",,,,
TRUE,GP Creative,https://www.gpcreativeteam.com/,https://www.gpcreativeteam.com/careers,"985 Bethel Road, Suite A  Columbus, Ohio 43214",,,,
FALSE,Slide Nine Agency,https://www.slidenine.com/,https://www.slidenine.com/careers,"659 High St, Worthington, OH 43085",16 min,,,
FALSE,Cloud Cover LLC,https://cloud-cover.me/,https://cloud-cover.me/careers,"500 W Wilson Bridge Rd Suite 105, Worthington, OH 43085",16 min,,,
FALSE,DataField Technology Services,https://datafieldusa.com/,https://datafieldusa.com/find-a-job/,"25 W New England Ave Worthington, Ohio 43085",16 min,,,
FALSE,Stafford Technology,https://www.stafford-technology.com/,https://www.stafford-technology.com/open-jobs/,"400 W Wilson Bridge Rd Suite 130, Worthington, OH 43085",16 min,,,
TRUE,DineEngine,https://dineengine.com/,https://dineengine.com/company/careers/,"733-C Lakeview Plaza Blvd. Worthington, Ohio 43085",16 min,,,
FALSE,SparkzIT,https://sparkzit.com/,https://sparkzit.com/careers/,200 E Campus view BLVD STE 200 Columbus OH 43235-4678,,,,
FALSE,Flairdocs,https://flairdocs.com/,https://flairdocs.com/careers/,"7720 Rivers Edge Dr.Suite 200 Columbus, OH 43235",,,,
FALSE,"American Business Solutions, Inc.",https://www.absi-usa.com/,https://www.absi-usa.com/career-benefits.shtml,"8850 Whitney Drive, Lewis Center, OH 43035",24 min,,,
FALSE,Workstate,https://www.workstate.com/,https://www.workstate.com/careers/,"30 Spruce St. Columbus, OH 43215",,,,
FALSE,Northwoods,https://www.teamnorthwoods.com/,https://www.teamnorthwoods.com/careers/,"5200 Rings Road Dublin, OH 43017",20 min,,,
FALSE,"Optimum Technology, Inc.",https://www.otech.com/,https://otech.com/about-us/careers/,"9922 Brewster Lane Powell, OH 43065",21 min,,,
FALSE,Technocraft Solutions LLC,https://technocraftsol.com/,https://technocraftsol.com/contingent-roles/permanent-roles/,"3974 Brown Park Drive, Suite F, Hilliard, Ohio  43026",16 min,,,
FALSE,Spritle software LLC,https://www.spritle.com/,https://www.spritle.com/careers/,"2606 Hilliard Rome Rd PMB1151, Hilliard, OH 43026",16 min,,,
FALSE,G2O,https://g2o.com/,https://g2o.com/job-openings/,"5455 Rings Rd Suite 500 Dublin, OH 43017",19 min,,,
FALSE,Outliant,https://www.outliant.com/,https://www.outliant.com/careers,Open for remote jobs,,,,
FALSE,Savas Labs,https://savaslabs.com/,https://savaslabs.com/careers,Open for remote jobs,,,,
FALSE,Whiteboard Marketing,https://whiteboard-mktg.com/,https://whiteboard-mktg.com/about/careers/,"5950 Venture Dr Dublin, OH 43017",21 min,,,
FALSE,VARGO Tech Center,https://vargosolutions.com/,https://vargosolutions.com/careers/,"5555 Frantz Road Dublin, Ohio 43017",21 min,,,
FALSE,"BigThumb, LLC",https://www.bigthumb.com/,https://www.bigthumb.com/careers/,"6235 Enterprise Ct, Dublin, OH 43016",24 min,,,
FALSE,Goken America,https://www.goken-global.com/,https://www.goken-global.com/careers/,"5100 Parkcenter Avenue, Dublin, Ohio 43017",21 min,,,
FALSE,Sudden Impact Marketing,https://www.simarketing.net/,https://www.simarketing.net/careers/,"653 McCorkle Boulevard, Suite J Westerville, OH 43082",19 min,,,
FALSE,Parallel Path,https://parallelpath.com/,https://parallelpath.com/careers/,"2256 Atlee Ct, Columbus OH 43220",,,,
FALSE,Seller Rocket,https://sellerrocket.io/,https://sellerrocket.io/careers/,"Dublin, Ohio",19 min,,,
TRUE,RankingGrow,https://rankinggrow.com/,https://rankinggrow.com/careers/,"Columbus, Ohio",,,,
FALSE,Honeycomb Technologies,https://www.honeycombtech.org/,https://www.honeycombtech.org/careers,"470 Olde Worthington Road Suite 200, Westerville, Ohio, 43082",19 min,,,
FALSE,The Shipyard,https://www.theshipyard.com/,https://careers.theshipyard.com/,"580 North 4th Street, Suite 500 Columbus, OH 43215",,,,
FALSE,EnginePoint Marketing,https://enginepoint.com/,https://enginepoint.com/careers/,"752 North State Street #253 Westerville, OH 43028",19 min,,,
FALSE,Kreber,https://www.kreber.com/,https://www.kreber.com/careers,"2580 Westbelt Dr. Columbus, OH 43228",,,,
FALSE,Ron Foth Advertising,https://ronfoth.com/,https://ronfoth.com/careers/,"8100 North High Street Columbus, OH 43235",,,,
FALSE,GO2 Partners,https://www.go2partners.com/,https://www.go2partners.com/go2-partners-careers,"655 Metro Place South Suite 340 Dublin, OH 43017",19 min,,,
FALSE,ZED Digital,https://zed.digital/,https://zed.digital/careers/,"1275 Kinnear Rd, Columbus OH 43212-4012",,,,
FALSE,Digital Spark Studio,https://www.digitalsparkstudio.com/,https://www.digitalsparkstudio.com/careers/,"6235 Enterprise Ct. Dublin, Ohio 43017",19 min,,,
FALSE,Wavefront Software Inc,https://www.wavefrontsoftware.com/,https://www.wavefrontsoftware.com/careers/,"Dublin, OH 43016",19 min,,,
FALSE,Time Agency Group,https://timeagencygroup.com/,https://timeagencygroup.com/get-hired/,"4083 Copeland Ct, Powell, OH 43065",21 min,,,
FALSE,Spinta Digital,https://spintadigital.com/,https://spintadigital.com/career/,"8425 Pulsar Pl, Suite 280 Columbus, OH 43240",,,,
FALSE,Leaderpromos,https://leaderpromosagency.com/,https://leaderpromosagency.com/careers/,"790 East Johnstown Rd Columbus, OH 43230",,,,
FALSE,Lextant North,https://www.lextant.com/,https://www.lextant.com/careers/,"250 S HIGH ST #600 COLUMBUS, OH 43215",,,,
FALSE,Baker Creative,https://baker-creative.com/,https://baker-creative.com/looking-for-a-career-to-thrive/,"386 Main Street, Groveport, Ohio 43125",19 min,,,
FALSE,Base22 LLC,https://base22.com/,https://base22.com/careers/,"1056 Ridge St Columbus, Ohio, 43215",,,,
FALSE,DevCare Solutions,https://www.devcare.com/,https://www.devcare.com/career/,"579 Executive Campus Dr, Suite 370, Westerville, OH-43082",19 min,,,
FALSE,DATAECONOMY,https://dataeconomy.ai/,https://dataeconomy.zohorecruit.com/jobs/Careers,"565 Metro Pl S #300 Dublin, OH 43017",19 min,,,
TRUE,Sritech Global,http://sritechglobal.com/,http://sritechglobal.com/careers.html,"341 S 3rd Street, Suite 100 Columbus OH 43215",,,,
FALSE,Incubit LLC,https://www.incubit.com/,https://www.incubit.com/current-openings,"40 N Sandusky St, Delaware, OH 43015",32 min,,,
FALSE,Fortis Cyber Solutions,https://www.fortis-cyber.com/,https://www.fortis-cyber.com/web/careers/,"1209 Hill Road North #185 Columbus, Ohio 43147",,,,
FALSE,Kaiser Consulting,https://kaiserconsulting.com/,https://kaiserconsulting.com/careers/job-postings/,"34 Grace Drive, Powell, OH 43065",22 min,,,
FALSE,"Radiant Technology Group, Inc.",https://radianttech.net/,https://radianttech.net/careers/,"7730 North Central Drive Lewis Center, OH 43035",25 min,,,
FALSE,TechR2,https://techr2.com/,https://techr2.com/careers/,"12477 Broad St SW Pataskala, OH 43062",25 min,,,
FALSE,"Edaptive Computing, Inc.",https://www.edaptive.com/,https://www.edaptive.com/careers/,"210 E. Spring Valley Pike Suite C Dayton, OH 45458",1hr,,,
FALSE,"eBusiness Solutions, Inc.",https://www.ebusiness-inc.com/,https://www.ebusiness-inc.com/open-jobs,"200 East Campus View Blvd, Suite 200, Columbus, OH 43235 ",,,,
TRUE,Paycor,https://www.paycor.com/,https://www.paycor.com/company/careers/available-positions/,Open for remote jobs,,,,
FALSE,Nirvana Insurance,https://www.nirvanatech.com/,https://www.nirvanatech.com/careers,Open for remote jobs,,,,
FALSE,SK Infrared,https://skinfrared.com/,https://skinfrared.com/careers/,"6365 Shier Rings Rd Suite D Dublin, OH 43016-6267",19 min,,,
FALSE,Vivid Soft Global,https://www.vividsoftglobal.com/,https://www.vividsoftglobal.com/careers,"6000 Venture Dr, Dublin, OH 43017",19 min,,,
FALSE,TierFive Solutions Group,https://tierfive.com/,https://tierfive.com/careers/,"150 E Mound St #201, Columbus, OH 43215",,,,
FALSE,QualityIP Columbus,https://qualityip.com/,https://qualityip.com/join-our-team/,"245 S. High Street, Suite 706 Columbus, Ohio 43215",,,,
FALSE,Avco Consulting,https://avcoconsulting.com/,https://avcoconsulting.com/careers/,"5 E Long St #10009, Columbus, OH 43215",,,,
FALSE,Columbus International Corporation,https://www.columbuscorp.com/,https://www.columbuscorp.com/current-Job-openings.php,"200 East Campus View Blvd. Suite 200 Columbus, OH 43235",,,,
FALSE,Techno Rim Consulting,https://www.technorimconsulting.com/,https://www.technorimconsulting.com/careers.php,"2 Mirada Dr S, Suite 335 Lewis Center, OH – 43035",,,,
TRUE,OpenText,https://www.opentext.com/,https://careers.opentext.com/us/en,"3671 Ridge Mill Dr, Hilliard, OH 43026",17 min,,,
TRUE,Tribevest,https://www.tribevest.com/,https://tribevest.notion.site/Job-Board-68afe90faaa0478bb63217147a960120,"1275 Kinnear Rd, Columbus, OH",,,,
TRUE,KBR,https://www.kbr.com/,https://careers.kbr.com/us/en,"2900 Presidential Dr Suite 155, Fairborn, OH 45324",55m,,,
FALSE,UNICON International Inc,https://www.unicon-intl.com/,https://www.unicon-intl.com/job/#tab1,"241 Outerbelt St, Columbus, OH 43213",,,,
FALSE,Kenexis Consulting Corporation,https://www.kenexis.com/,https://www.kenexis.com/about/employment/,"3366 Riverside Dr # 200, Upper Arlington, OH 43221",10 min,,,
FALSE,Columbus Consulting,https://www.columbusconsulting.com/,https://www.columbusconsulting.com/workwithus/,"4200 Regent St Suite 200, Columbus, OH 43219",,,,
FALSE,Halcyon Solutions,https://halcyonit.com/,https://halcyonit.com/careers/,"5910, Venture Drive, Suite A, Dublin, Ohio, 43017",19 min,,,
FALSE,Nanda Technologies,https://www.nandatechnologies.com/,https://www.nandatechnologies.com/careers,"6836 Caine Rd, Columbus, OH 43235",,,,
FALSE,Public Consulting Group,https://www.publicconsultinggroup.com/,https://careers.publicconsultinggroup.com/,"2025 Riverside Dr Suite 100, Upper Arlington, OH 43221",11 min,,,
FALSE,EasyIT Services,https://www.easyit.com/,https://www.easyit.com/career-opportunities/,"4150 Tuller Rd #234, Dublin, OH 43017",20 min,,,
FALSE,Kloud9 IT,https://www.kloud9it.com/,https://www.kloud9it.com/contact-us/careers/,"2600 Corporate Exchange Suite 115 Columbus, OH 43231",,,,
FALSE,DigitlHaus Agency,https://www.digitlhaus.com/,https://www.digitlhaus.com/careers/,Open for remote jobs,,,,
FALSE,Kuno Creative,https://www.kunocreative.com/,https://www.kunocreative.com/digital-marketing-agency-careers,"Avon Lake, Ohio",Open for remote jobs,,,
FALSE,One Columbus,https://columbusregion.com/,https://columbusregion.com/about-us/careers/,"150 S. Front St., Suite 200 Columbus, OH 43215",,,,
FALSE,Palo Creative,https://www.palocreative.com/,https://www.palocreative.com/careers,"970 Windham Ct #3, Boardman, OH 44512",Open for remote jobs,,,
FALSE,MOZAY,https://mozay.com/,https://mozay.com/careers/,"2857 Riviera Dr Suite 102, Fairlawn, OH 44333",Open for remote jobs,,,
FALSE,Expeed Software,https://www.expeed.com/,https://www.expeed.com/company/career/,"100 W. Old Wilson Bridge Road, Suite 216 Worthington, Ohio 43085",16 min,,,
FALSE,ThrillX,https://thrillxdesign.com/,https://thrillxdesign.com/careers/,"2 Bloor Street East, Suite 3500, Toronto, Ontario",Open for remote jobs,,,
FALSE,Web Strategy Plus,https://www.webstrategyplus.com/,https://www.webstrategyplus.com/careers/,"201 East Fifth Street, Suite 1900-1008 Cincinnati, OH 45202",Open for remote jobs,,,
FALSE,Foster Commerce,https://www.fostercommerce.com/,https://www.fostercommerce.com/careers,"Columbus, OH 43214",,,,
FALSE,TRAIT,https://www.uxstudioteam.com/,https://www.uxstudioteam.com/career,"Cleveland, Ohio",Open for remote jobs,,,
FALSE,Robben Media,https://robbenmedia.com/,https://robbenmedia.com/careers/#tab-id-6,"908-08 Strathmore Drive, Cincinnati, OH 45227",Open for remote jobs,,,
FALSE,Thrive Internet Marketing,https://thriveagency.com/,https://thriveagency.com/about/careers/,"600 Superior Ave E Ste 1300 Cleveland, OH 44114",Open for remote jobs,,,
FALSE,"Paragram, LLC.",https://paragram.co/,https://paragram.co/careers,"169 Southwest Ave Tallmadge, OH 44278",Open for remote jobs,,,
FALSE,Concentrek,https://concentrek.io/,https://concentrek.io/jobs,"100 N Summit St, Toledo, OH 43604",Open for remote jobs,,,
FALSE,Ascendum Solutions,https://www.ascendum.com/,https://www.ascendum.com/careers,10290 Alliance Road Cincinnati Ohio 45242,Open for remote jobs,,,
FALSE,Ohio ptech,https://www.ohioptech.com/,https://www.ohioptech.com/careers.php,"565 Metro Place South, Suite 300, Dublin, Ohio - 43017",19 min,,,
FALSE,ATH Infosystems,https://www.athinfosys.com/,https://www.athinfosys.com/careers.aspx,810 Quaker CT SW New Philadelphia Ohio 44663,Open for remote jobs,,,
FALSE,Magnetic Mobile,https://magneticmobile.com/,https://magneticmobile.com/careers/,"10170 Penny Lane Suite 200 Miamisburg, OH 45342",Open for remote jobs,,,
FALSE,Evanhoe & Associates,https://www.evanhoe.com/,https://www.evanhoe.com/careers,"492 West 2nd Street, Suite 208, Xenia, OH 45385",59 mins,,,
FALSE,Profound Logic Software,https://www.profoundlogic.com/,https://www.profoundlogic.com/careers/#CurrentOpenings,"396 Congress Park Dr, Dayton, OH 45459",Open for remote jobs,,,
FALSE,DB Services,https://dbservices.com/,https://dbservices.com/about/careers,"175 South 3rd Street, Suite 200 Columbus, OH 43215",,,,
FALSE,Innago,https://innago.com/,https://innago.com/careers/,"1308 Race St Suite 100, Cincinnati, OH 45202",Open for remote jobs,,,
FALSE,OmniSpear,https://omnispear.com/,https://omnispear.com/category/careers/,"1425 E Stroop Rd Dayton, OH 45429",Open for remote jobs,,,
FALSE,Keyfactor,https://www.keyfactor.com/,https://www.keyfactor.com/open-positions/,"6150 Oak Tree Blvd Suite 200, Independence, OH 44131",Open for remote jobs,,,
FALSE,ExaTech,https://www.exatechinc.com/,https://www.exatechinc.com/index.php/careers/,"4555 Lake Forest Dr #650, Cincinnati, OH 45242",Open for remote jobs,,,
FALSE,PolarCrowd Technologies,https://polarcrowd.com/,https://polarcrowd.com/careers/,1449 American Beauty Lane Columbus 43240,Open for remote jobs,,,
FALSE,Vetcove,https://shop.vetcove.com/,https://shop.vetcove.com/careers/,"New York, NY",Open for remote jobs,,,
TRUE,Affirm,https://www.affirm.com/,https://www.affirm.com/careers#openings,"San Francisco , CA",Open for remote jobs,,,
FALSE,AcuityMD,https://www.acuitymd.com/,https://www.acuitymd.com/careers,"Boston, MA",Open for remote jobs,,,
TRUE,VSCO,https://www.vsco.co/,https://www.vsco.co/about/careers,"San Francisco, CA",Remote Workplace,,,
FALSE,Acumium,https://www.acumium.com/,https://www.acumium.com/jobs-career/,"400 N. Cleveland Ave. Mogadore, OH 44260",Open for remote jobs,,,
FALSE,Sparkbox,https://sparkbox.com/,https://sparkbox.com/careers,"15 N Main St, Bellbrook, OH 45305",Open for remote jobs,,,
FALSE,Brandvalor,https://brandvalor.com/,https://brandvalor.com/careers/,"9435 Waterstone Blvd, Suite 140 - 65, Cincinnati, OH 45249",Open for remote jobs,,,
FALSE,Mission Essential,https://www.missionessential.com/,https://www.missionessential.com/careers/,"6530 WEST CAMPUS OVAL SUITE 190 NEW ALBANY, OH 43054",21 min,,,
TRUE,Beam Insurance Services,https://www.beambenefits.com/,https://www.beambenefits.com/careers,"One Nationwide Plaza, Columbus, OH 43215",,,,
TRUE,Axuall,https://axuall.com/,https://axuall.com/about/careers-at-axuall/,"724 Prospect Ave E, Cleveland, OH 44115",Open for remote jobs,,,
FALSE,Everest Technologies Inc,https://www.everesttech.com/,https://www.everesttech.com/current-openings/?c=us,"1105 Schrock Road, Suite 500 Columbus, OH 43229",,,,
FALSE,"Ascend Innovations, Inc.",https://ascend-innovations.com/,https://ascend-innovations.breezy.hr/,"124 E 3rd St Suite 400, Dayton, OH 45402",Open for remote jobs,,,
TRUE,BrightEdge,https://www.brightedge.com/,https://www.brightedge.com/careers,"1500 W 3rd St #405, Cleveland, OH 44113",Open for remote jobs,,,
TRUE,UFO Performance Marketing,https://www.uforocks.com/,https://www.uforocks.com/jobs/,"2722 Erie Ave Ste 219 RMB 67673 Cincinnati, OH 45208",Open for remote jobs,,,
FALSE,Evolve Marketing Team,https://www.evolvemarketingteam.com/,https://www.evolvemarketingteam.com/careers/,"935 W. Market St. Akron, OH 44313",Open for remote jobs,,,
FALSE,Sikich,https://www.sikich.com/,https://www.sikich.com/careers/,"4020 Kinross Lakes Parkway Suite 300 Richfield, OH 44286",Open for remote jobs,,,
TRUE,TrellisPoint,https://trellispoint.com/,https://trellispoint.com/careers/,"10091 Brecksville Rd suite b, Brecksville, OH 44141",Open for remote jobs,,,
TRUE,Centric Consulting,https://centricconsulting.com/,https://centricconsulting.com/about-us/careers/,"Dayton , OH",Open for remote jobs,,,
TRUE,SyncShow,https://www.syncshow.com/,https://www.syncshow.com/careers/digital-marketing-jobs,"24803 Detroit Road, Ste D Westlake, Ohio 44145",Open for remote jobs,,,
TRUE,WRL Advertising,https://wrladvertising.com/,https://wrladvertising.com/agency/careers/,"4470 Dressler Rd. N.W. Canton, Ohio 44718",Open for remote jobs,,,
FALSE,LPK,https://lpk.com/,https://lpk.com/careers/,"Cincinnati, Ohio",Open for remote jobs,,,
FALSE,Ellie Brands,https://www.elliebrands.com/,https://www.elliebrands.com/jobs,"5325 Deerfield Blvd. Mason, OH 45040",Open for remote jobs,,,
FALSE,Ologie,https://ologie.com/,https://ologie.com/careers/,"447 East Main Street Columbus, Ohio 43215",,,,
FALSE,Brim,https://brim.pro/,https://brim.pro/career/,"10574 Ravenna Rd, 3rd floor, Twinsburg OH 44087",Open for remote jobs,,,
FALSE,Kleidon,https://www.kleidon.com/,https://www.kleidon.com/contact/careers/,"3517 Embassy Parkway Akron, Ohio 44333",Open for remote jobs,,,
FALSE,The Creative Spot,https://creativespot.com/,https://creativespot.com/connect/#join,"430 E. Rich St. Columbus, OH 43215",,,,
FALSE,Five Rivers Marketing,https://fiveriversmarketing.com/,https://fiveriversmarketing.com/careers/,"228 Byers Rd #301, Miamisburg, OH 45342",Open for remote jobs,,,
FALSE,CMT Consulting,https://cmtconsultingltd.com/,https://cmtconsultingltd.com/careers/,"19300 Detroit Rd., Ste D-202 Rocky River, OH 44116",Open for remote jobs,,,
TRUE,Brandience,https://www.brandience.com/,https://www.brandience.com/careers,"3251 Riverside Drive Cincinnati, OH 45226",Open for remote jobs,,,
FALSE,Canna Design Council,https://cannadesigncouncil.com/,https://cannadesigncouncil.com/contact/#join-us,"2518 Spring Grove Ave. Cincinnati, OH 45214",Open for remote jobs,,,
FALSE,POP,https://www.wearepop.com/,https://www.wearepop.com/careers,"Cincinnati, Ohio",Open for remote jobs,,,
FALSE,Pep Promotions,https://www.peppromotions.com/,https://job-boards.greenhouse.io/pep,"302 W 3rd Street, Suite 900 Cincinnati, OH 45202",Open for remote jobs,,,
FALSE,Inspire PR Group,https://inspireprgroup.com/,https://inspireprgroup.com/careers/,"6120 South Sunbury Road, Columbus, Ohio 43081",,,,
FALSE,Doe-Anderson,https://www.doeanderson.com/,https://www.doeanderson.com/careers,"800 N. High St, Suite 03-113 Columbus, OH 43215",,,,
FALSE,Caveni Digital Solutions,https://caveni.com/,https://caveni.com/careers/,"Columbus, Ohio",,,,
FALSE,HART,https://www.hartinc.com/,https://www.hartinc.com/careers/,"1398 GOODALE BLVD. COLUMBUS, OHIO 43212",,,,
FALSE,Wilderness Agency,https://www.wildernessagency.com/,https://www.wildernessagency.com/careers/,"PO Box 3223, Dayton, OH 45401",Open for remote jobs,,,
FALSE,Innis Maggiore,https://innismaggiore.com/,https://innismaggiore.com/home/ad-agency-careers/,"4715 Whipple Ave NW, Canton, OH 44718",Open for remote jobs,,,
FALSE,Van Tec Marketing,https://vantecmarketing.com/,https://vantecmarketing.com/careers/,"31 S Main St, Dayton, OH 45402",Open for remote jobs,,,
FALSE,Sanctuary Marketing Group,https://www.sanctuarymg.com/,https://www.sanctuarymg.com/careers/,"219 E. Maple St., Ste 125, North Canton OH 44720",Open for remote jobs,,,
FALSE,ChoiceLocal,https://choicelocal.com/,https://choicelocal.com/who-is-choicelocal/careers-at-choicelocal/,"24960 Center Ridge Rd, Westlake, OH 44145",Open for remote jobs,,,
FALSE,Cassel Bear,https://www.casselbear.com/,https://www.casselbear.com/careers/,"4884 Dressler Rd.  Canton, OH 44718",Open for remote jobs,,,
FALSE,898 Marketing,https://www.898marketing.com/,https://www.898marketing.com/careers/,"5721 Shields Road, Suite A, Canfield, OH 44406",Open for remote jobs,,,
FALSE,Fierce Creative Solutions,https://www.fiercecreativesolutions.com/,https://www.fiercecreativesolutions.com/career,"103 S Mill St, Fredericksburg, OH 44627",Open for remote jobs,,,
FALSE,Make & Model Marketing,https://makemodelmarketing.com/,https://makemodelmarketing.com/careers/,"4507 Lorain Avenue, 3rd Floor Cleveland, OH 44102",Open for remote jobs,,,
FALSE,Front Burner Marketing,https://www.frontburnermarketing.com/,https://www.frontburnermarketing.com/join-our-team,"9821 Olde 8 Rd B, Northfield, OH 44067",Open for remote jobs,,,
FALSE,IronTek Solutions,https://ironteksolutions.com/,https://ironteksolutions.com/careers/,"2515 Jay Avenue, Suite 101 Cleveland, OH 44113",Open for remote jobs,,,
FALSE,Hyperquake,https://www.hyperquake.com/,https://www.hyperquake.com/careers,"310 Culvert St #401, Cincinnati, OH 45202",Open for remote jobs,,,
FALSE,MONSTERS Unlimited,https://thinkmonsters.com/,https://thinkmonsters.com/site/contact-us/careers/,"2525 2nd St, Cuyahoga Falls, OH 44221",Open for remote jobs,,,
FALSE,Beyond Spots & Dots,https://www.beyondspotsanddots.com/,https://www.beyondspotsanddots.com/digital-advertising-marketing-pr-careers,"21 E State Street, Suite 200, Columbus, OH 43215",,,,
FALSE,MindInventory,https://www.mindinventory.com/,https://www.mindinventory.com/careers.php,"9341 Ellis Way, Strongsville, Ohio 44136",Open for remote jobs,,,
FALSE,MPG Creative Group,https://mpgagency.com/,https://mpgagency.com/contract-opportunities/,"Cleveland, Ohio",Open for remote jobs,,,
FALSE,FortisureIT,https://www.fortisureit.com/,https://www.fortisureit.com/careers,"3435 Fortuna Dr, Akron, OH 44312",Open for remote jobs,,,
FALSE,Mamsys,https://mamsys.com/,https://mamsys.com/careers/,"33585 Brainbridge Rd, Suite 85-103, Solon, Ohio, 44139",Open for remote jobs,,,
FALSE,Elastostar,https://elastostar.com/,https://elastostar.com/career/,8475 Rausch Dr. Plain City OH 43064,26 min,,,
FALSE,Amify,https://goamify.com/,https://goamify.com/careers/,"700 W Pete Rose Way Suite 540, Cincinnati, OH 45203",Open for remote jobs,,,
FALSE,Mercury Development,https://mercdev.com/,https://mercdev.com/careers/vacancies,"Cleveland, Ohio",Open for remote jobs,,,
FALSE,Ibel Agency,https://ibelagency.com/,https://ibelagency.com/about/#about-join-our-team,"243 N 5th Street, Suite 200, Columbus, OH 43215",,,,
FALSE,Horizons Companies,https://horizonscompanies.com/,https://horizonscompanies.com/careers/,"4000 Horizons Drive Columbus OH, 43220",,,,
FALSE,AhelioTech,https://www.aheliotech.com/,https://www.aheliotech.com/application/,"1000 E Main St, Columbus, OH 43205",,,,
FALSE,Taivara,https://www.taivara.com/,https://www.taivara.com/join-our-team/,"421 W State St, Columbus, OH 43215",,,,
FALSE,Flairsoft,https://flairsoft.net/,https://flairsoft.net/careers/,"7720 Rivers Edge Dr., Suite 200, Columbus, OH 43235",,,,
FALSE,AndHealth,https://andhealth.com/,https://andhealth.com/open-roles/,"2 Miranova Pl, Suite 500 Columbus, OH 43215",,,,
TRUE,Veeam Software,https://www.veeam.com/,https://careers.veeam.com/vacancies,"8800 Lyra Drive Columbus, Ohio 43240",,,,
TRUE,Intellinetics,https://www.intellinetics.com/,https://www.intellinetics.com/careers,"2190 Dividend Drive Columbus, OH 43228",,,,
TRUE,Data Robot,https://www.datarobot.com/,https://www.datarobot.com/careers/open-positions/,"250 West St #150, Columbus, OH 43215",,,,
TRUE,MoveHQ,https://www.movehq.com/,https://updater.com/jobs/openings,"234 N 5th St, Columbus, OH 43215",,,,
FALSE,Orange Barrel Media,https://orangebarrelmedia.com/,https://orangebarrelmedia.com/careers/,"250 North Hartford Ave. Columbus, OH 43222",,,,
TRUE,Hunter Marketing,https://www.huntermarketing.us/,https://www.huntermarketing.us/careers,"15 East Gay Street, Suite #200 Columbus, Ohio 4321",,,,
FALSE,"Nederveld, Inc.",https://www.nederveld.com/,https://www.nederveld.com/careers,"6630 Busch Blvd Columbus, OH 43229",,,,
TRUE,Artemis Consultants,https://artemisconsultants.net/,https://artemisconsultants.net/search-jobs/,"355 East Campus View Blvd Suite 205 Columbus, OH 43235",,,,
TRUE,Arrive Logistics,https://www.arrivelogistics.com/,https://www.arrivelogistics.com/careers/openings/,"500 W Broad St, 3rd Floor, Columbus, OH 43215",,,,
FALSE,Goodwin,https://www.teamgoodwin.com/,https://www.teamgoodwin.com/careers,"4130 E 5th Ave Ste 9 Columbus, OH 43219",,,,
TRUE,Slalom,https://www.slalom.com/,https://jobs.slalom.com/#/,"375 N Front St. Suite 325 Columbus, OH 43215",,,,
TRUE,Triple Whale,https://www.triplewhale.com/,https://www.triplewhale.com/careers,"Columbus, Ohio, USA",,,,
TRUE,Wildix,https://www.wildix.com/,https://www.wildix.com/careers/,"800 N High Street Columbus, OH 43215",,,,
FALSE,Trango Tech Columbus,https://trangotech.com/,https://trangotech.com/careers/,"470 W Broad St, Columbus, OH 43215",,,,
FALSE,Logiciel Technology,https://logicieltechnology.com/,https://logicieltechnology.com/jobs/,"81 Mill St STE 300, Columbus, OH 43230",,,,
FALSE,Smart 1 Marketing,https://smart1marketing.com/,https://smart1marketing.com/careers,"776 Reynoldsburg - New Albany Rd, Blacklick, OH 43004",18 mins,,,
TRUE,Bonfire Red,https://bonfirered.com/,https://bonfirered.com/open-positions,"153 East Main St. Suite 310 Columbus, Ohio 43215",,,,
FALSE,DataPluzz,https://www.datapluzz.com/,https://www.datapluzz.com/careers,"1901 E Dublin Granville, Columbus OH",,,,
FALSE,"Perspective Design Group, Inc",https://www.artofperspective.com/,https://www.artofperspective.com/Careers/Careers,"5000 Arlington Centre Boulevard Building 2 | Suite 2150 Upper Arlington, Ohio 43220",11 mins,,,
FALSE,Empowerid,https://www.empowerid.com/,https://www.empowerid.com/en/Careers,"4393-A Tuller Road, Dublin, OH 43017-5106",19 mins,,,
TRUE,DeliverHealth,https://ai.deliverhealth.com/,https://ai.deliverhealth.com/careers,"929 Harrison Ave, Columbus, OH 43215",,,,
TRUE,Gifthealth,https://www.gifthealth.com/,https://www.gifthealth.com/careers,"266 N 4th St #200, Columbus, OH 43215",,,,
TRUE,McKesson,https://www.mckesson.com/,https://careers.mckesson.com/en,"915 Taylor Rd # A, Columbus, OH 43230",,,,
FALSE,"Digital Data Technologies, Inc.",https://www.ddti.net/,https://www.ddti.net/careers,"2323 W. Fifth Ave., Suite 140, Columbus, OH 43204",,,,
TRUE,Agility Partners,https://www.agilitypartners.io/,https://agilityconnect.io/jobs?_ga=GA1.2.310016503.1743145748,"175 S 3rd St Suite 600, Columbus, OH 43215",,,,
TRUE,AssetWatch,https://www.assetwatch.com/,https://www.assetwatch.com/careers,"60 Collegeview Rd. Westerville, OH 43081",19 mins,,,
FALSE,Cayosoft,https://www.cayosoft.com/,https://www.cayosoft.com/about/careers/,"480 Olde Worthington Rd Suite 310, Westerville, OH 43082",19 mins,,,
TRUE,Loop Returns,https://www.loopreturns.com/,https://www.loopreturns.com/careers/,"797 N Wall St Suite 201, Columbus, OH 43215",,,,
FALSE,Vaco,https://www.vaco.com/,https://www.vaco.com/about/locations/columbus/#,"4215 Worth Avenue, Ste 210, Columbus, OH",,,,
TRUE,Ringside Talent,https://ringsidetalent.com/,https://ringsidetalent.com/jobs/,"266 N. 4th St., Suite #100 Columbus, Ohio 43215",,,,
FALSE,Comtech Global,https://www.comtechglobal.com/,https://www.comtechglobal.com/job-openings.php,"1103 Schrock Road, Suite 102 Columbus, OH 43229",,,,
TRUE,Brooksource,https://www.brooksource.com/,https://jobs.brooksource.com/,"1500 Lake Shore Dr Suite 350, Columbus, OH 43204",,,,
TRUE,Cambard LLC,https://cambard.com/,http://jobs.cambard.com/,"136 Northwoods Blvd, Suite #A2, Columbus, OH 43235",,,,
TRUE,Spherion,https://www.spherion.com/,https://www.spherion.com/job-seekers/,"5951 E Main St # E, Columbus, OH 43213",,,,2
TRUE,Strategic Systems Inc,https://strsi.com/,https://strsi.com/jobs-search/,"475 Metro Pl S #450, Dublin, OH 43017",19 mins,,,
TRUE,Zambito Search Group,https://zsgtalent.com/,https://zsgtalent.com/jobs/,"300 East Broad Street, Suite 490 Columbus, OH 43215",,,,
TRUE,Priority Designs,https://www.prioritydesigns.com/,https://prioritydesigns.isolvedhire.com/jobs/,"100 S Hamilton Road Columbus, OH 43213",,,,
FALSE,Design Collective,https://www.dcollective.com/,https://www.dcollective.com/careers,"151 E Nationwide Blvd, Columbus, OH 43215",,,,
FALSE,"ZenGenius, Inc.",https://www.zengenius.com/,https://www.zengenius.com/joinourteam,"30 E. 4th Avenue Columbus, Ohio 43201",,,,
FALSE,Artisan Talent,https://artisantalent.com/,https://artisantalent.com/jobs/,"20 South 3rd Street, Suite 210 Columbus, OH 43215",,,,
FALSE,Studio 8E8,https://s8e8.com/,https://s8e8.com/work,"8111 Smith's Mill Rd, New Albany, OH 43054",20 mins,,,
FALSE,GripasLLC,https://www.gripas.net/,https://www.gripas.net/career,"Columbus, OH, United States, Ohio",,,,
TRUE,Calculated Hire,https://www.calculatedhire.com/,https://jobs.calculatedhire.com/,"1500 Lake Shore Dr. Suite 350 Columbus, OH 43204",,,,
TRUE,Think Notable,https://www.thinknotable.com/,https://www.thinknotable.com/careers,"8000 Walton Pkwy #230, New Albany, OH 43054",21 mins,,,
TRUE,R&A Marketing,https://ramarketing.com/,https://ramarketing.com/about-us/work-for-us/,"8320 Coppertop Lane Lewis Center, OH 43035",25 mins,,,
FALSE,Digital 8 Marketing,https://digital8content.com/,https://digital8content.com/careers,"565 Metro Pl S Ste 300, Dublin, OH 43017",19 mins,,,
FALSE,Vernovis,https://vernovis.com/,https://vernovis.com/search-jobs/,"3819 Attucks Dr.Powell, OH 43065",21 mins,,,
FALSE,Job&Talent,https://www.jobandtalent.com/,https://www.jobandtalent.com/careers,"6121 E Livingston Ave, Columbus, OH 43232",,,,
FALSE,Revel IT,https://www.revelit.com/,https://www.revelit.com/job-search/,"4900 Blazer Parkway, Dublin, OH 43017",19 mins,,,
FALSE,PrideStaff,https://www.pridestaff.com/,https://jobs.pridestaff.com/,"2471 Hilliard Rome Road Hilliard, OH 43026",17 mins,,,
FALSE,Crown Staffing & Health,https://www.crownstaffing.com/,https://www.crownstaffing.com/careers/,"5304 Westpointe Plaza Drive, Columbus, OH 43228",,,,
FALSE,Made By Things,https://madebythings.com/,https://madebythings.com/careers/,"Columbus, Ohio",,,,
FALSE,EMC Research,https://www.emcresearch.com/,https://www.emcresearch.com/careers/,"88 E Broad St #2025, Columbus, OH 43215",,,,
FALSE,V2Soft,https://www.v2soft.com/,https://www.v2soft.com/careers/job-openings,"100 E. Campus Blvd, Suite 250 Columbus, OH 43235",,,,
FALSE,Aspiration Marketing,https://aspiration.marketing/,https://aspiration.marketing/careers/job-listings,"1283 Heron Nest Ct S, , Columbus, Ohio 43240",,,,
FALSE,CAS,https://www.cas.org/,https://www.cas.org/careers,"2540 Olentangy River Road Columbus, Ohio 43202",,,,
FALSE,Vertiv,https://www.vertiv.com/,https://www.vertiv.com/en-asia/about/career-center/,"505 N Cleveland Ave, Westerville, OH 43082",19 mins,,,
FALSE,Bergmeyer,https://www.bergmeyer.com/,https://www.bergmeyer.com/careers,"875 N High Street Suite 300 Columbus, OH 43215",,,,
FALSE,PPA Agency,https://ppaagency.com/,https://ppaagency.com/careers/,"6760 Thrush Drive, Suite E Canal Winchester, Ohio 43110",21 mins,,,
FALSE,WebFX,https://www.webfx.com/,https://fxinternational.webfx.com/,"20 S 3rd St Columbus, OH 43215",,,,
FALSE,Persistent,https://www.persistent.com/,https://careers.persistent.com/explore-opportunities,"Dubin, Ohio",19 mins,,,
FALSE,BroadField Technology,https://www.teambroadfield.com/,https://www.teambroadfield.com/join-the-team,"1114 Dublin Rd. Columbus, OH 43215",,,,
FALSE,MSAII Group,https://msaii.com/,https://msaii.com/careers,"9775 Fairway Drive, SUITE - D, Powell, OH-43605",22 mins,,,
FALSE,Proven Optics,https://provenoptics.com/,https://provenoptics.com/careers/,"20 South Third Street, Suite 210, Columbus, OH 43215",,,,
FALSE,ARCOS,https://www.arcos-inc.com/,https://www.arcos-inc.com/about/careers/,"8800 Lyra Drive, Suite 200 Columbus, OH 43240",,,,
FALSE,PATH Growth,https://www.pathgrowth.com/,https://www.pathgrowth.com/careers,"1335 Dublin Road, Suite 110B Columbus, OH, 43215",,,,
FALSE,T-CETRA,https://www.tcetra.co/,https://www.tcetra.co/career/,"7240 Muirfield Dr. | Suite 200 | Dublin, OH 43017",20 mins,,,
FALSE,Tiger Systems Inc.,https://www.tsicolumbus.com/,https://www.tsicolumbus.com/about-us/#careers,"963 Schrock Rd, Columbus, OH 43229",,,,
FALSE,CMD MedTech,https://cmdmedtech.com/,https://cmdmedtech.com/careers/,"3585 Interchange Rd, Columbus, OH 43204",,,,
FALSE,"Korda/Nemeth Engineering, Inc.",https://korda.com/,https://korda.com/careers/,"1650 Watermark Drive, Suite 200 Columbus, OH 43215",,,,
FALSE,Dawson,https://www.dawsoncareers.com/,https://www.dawsoncareers.com/current-job-openings,"1114 Dublin Rd, Columbus, OH 43215",,,,
FALSE,Vertafore,https://www.vertafore.com/,https://www.vertafore.com/about/join-our-team,"350 E. 1st Ave. Suite 150 Columbus, OH 43201",,,,
FALSE,All Lines Technology,https://www.all-lines-tech.com/,https://www.all-lines-tech.com/careers/,"Columbus, Ohio",Headquarter in PA,,,
FALSE,RenaissanceTech,https://renaissancetech.com/,https://renaissancetech.com/about/careers/,"5695 Avery Rd Dublin, OH 43016",20 mins,,,
FALSE,Paycom,https://www.paycom.com/,https://www.paycom.com/careers/,"41 S High St Suite 1640, Columbus, OH 43215",,,,
FALSE,IP Pathways,https://www.ippathways.com/,https://www.ippathways.com/careers/,"2191 Citygate Dr. Columbus, OH 43219",,,,
FALSE,Advanced Technology Education,https://ateohio.org/,https://ateohio.org/jobs,"6161 Busch Blvd suite100, Columbus, OH 43229",,,,
FALSE,ECI Software Solutions,https://www.ecisolutions.com/,https://www.ecisolutions.com/careers/job-listings/,"5455 Rings Rd #100, Dublin, OH 43017",20 mins,,,
FALSE,Access Technologies Solution,https://www.accesssol.com/,https://www.accesssol.com/career,"2184 Citygate Drive  Columbus, OH 43219",,,,
FALSE,Banking Soft Solutions LLC,https://bssclouds.com/,https://bssclouds.com/careers/,"100 E Campus View Blvd #250, Columbus, OH 43235",,,,
FALSE,Ontoborn Techologies,https://www.ontoborn.com/,https://www.ontoborn.com/jobs,"3737 Easton Market #1312, Columbus, OH 43219",,,,
FALSE,Pleasant Solutions,https://pleasantsolutions.com/,https://pleasantsolutions.com/careers/,"6500 Emerald Pkwy #100, Dublin, OH 43016",20 mins,,,
FALSE,Divis solutions Inc,https://divissolutions.com/,https://divissolutions.com/currentjobs.html,"565 Metro Pl S #3430, Dublin, OH 43017",20 mins,,,
FALSE,Lambdanets,https://www.lambdanets.com/,https://www.lambdanets.com/careersSAP.html,"2929 Kenny Rd Suite 210, Columbus, OH 43221",,,,
FALSE,Quesquare Solutions Inc,http://www.quesquare.com/,http://www.quesquare.com/careers.php,"6660 N High St #3c, Worthington, OH 43085",16 mins,,,
FALSE,Verdantas,https://www.verdantas.com/,https://www.verdantas.com/careers/job-openings,"7965 N High St #340, Columbus, OH 43235",,,,
FALSE,Big Data Consulting,https://bigdatadots.com/,https://bigdatadots.com/#careers,5255 WILCOX ROAD DUBLIN OH 430,19 mins,,,
FALSE,SBC Small Business Consulting,https://www.sbcfirst.com/,https://www.sbcfirst.com/join-our-team,"175 South 3rd Street, Suite 200, Columbus, OH 43215",,,,
FALSE,Per Scholas,https://perscholas.org/,https://perscholas.org/meet-our-people/#join,"215 N Front St, Columbus, OH 43215",,,,
FALSE,iSOFT SERVICES,https://www.isoftservices.io/,https://www.isoftservices.io/career,"6465 Reflections Dr, Dublin, OH 43017",20 mins,,,
FALSE,Fusion 360,https://fusion360agency.com/,https://fusion360agency.com/careers/,"600 Morrison Road Columbus, Ohio 43230",,,,
FALSE,Acctimize,https://www.niceactimize.com/,https://www.nice.com/careers/apply,"555 S. Front Street. Suite 400 4th floor Columbus, Ohio 43215",,,,
FALSE,AccuNet Inc,https://accu.com/,https://accu.com/careers/,"929 Eastwind Drive Suite 221 Westerville, OH 43081",18 mins,,,
FALSE,Next Level Technologies,https://www.nextleveltech.com/,https://www.nextleveltech.com/it-careers,"400 W Wilson Bridge Rd #100, Columbus, OH 43085",,,,
FALSE,Quest Software,https://www.quest.com/,https://careers-quest.icims.com/,"6500 Emerald Pkwy, Dublin, OH 43016",,,,